{"cameraMode":{"drawMode":0,"name":"Shaded","section":"Shading Mode"},"sceneLighting":false,"audioPlay":false,"sceneViewState":{"m_AlwaysRefresh":false,"showFog":true,"showSkybox":false,"showFlares":true,"showImageEffects":true,"showParticleSystems":true,"showVisualEffectGraphs":true,"m_FxEnabled":true},"in2DMode":false,"pivot":{"x":0.006192922592163086,"y":0.11255860328674317,"z":-0.015563011169433594},"rotation":{"x":0.26943668723106387,"y":-0.2439553290605545,"z":0.07070989161729813,"w":0.9288644194602966},"size":0.16932742297649384,"orthographic":false}