{"cameraMode":{"drawMode":0,"name":"Shaded","section":"Shading Mode"},"sceneLighting":false,"audioPlay":false,"sceneViewState":{"m_AlwaysRefresh":false,"showFog":false,"showSkybox":false,"showFlares":false,"showImageEffects":false,"showParticleSystems":false,"showVisualEffectGraphs":true,"m_FxEnabled":true},"in2DMode":false,"pivot":{"x":0.0010117888450622559,"y":0.802554190158844,"z":0.018967755138874055},"rotation":{"x":0.02075720950961113,"y":-0.8706307411193848,"z":0.03684879466891289,"w":0.49003782868385317},"size":1.0755374431610108,"orthographic":false}